{"cameraMode":{"drawMode":0,"name":"Shaded","section":"Shading Mode"},"sceneLighting":true,"audioPlay":false,"sceneViewState":{"m_AlwaysRefresh":false,"showFog":true,"showSkybox":true,"showFlares":true,"showImageEffects":true,"showParticleSystems":true,"showVisualEffectGraphs":true,"m_FxEnabled":true},"in2DMode":false,"pivot":{"x":503.2327575683594,"y":20.378393173217775,"z":497.7767333984375},"rotation":{"x":0.02869274839758873,"y":-0.9659596085548401,"z":0.22597941756248475,"w":0.12264522165060044},"size":27.86687660217285,"orthographic":false}